{
    "epoch": 5,
    "test_acc": [
        0.970952537542475,
        0.9781869998903869,
        0.9820234571960977,
        0.9731447988600241,
        0.9912309547298038,
        0.9925463115203332
    ],
    "test_loss": [
        0.09260625294409693,
        0.07163214793545195,
        0.062048352404963224,
        0.07732500959536992,
        0.02951947456895141,
        0.029544191276090714
    ],
    "train_loss": [
        0.27113279241602867,
        0.06247142875436111,
        0.0389417672471609,
        0.037529186287429184,
        0.033184666543093044,
        0.010036437443886825
    ]
}